"101","accept","受け入れる","動詞"
"102","achieve","～を達成する","動詞"
"103","act","行動する","動詞"
"104","add","加える","動詞"
"105","admit","認める","動詞"
"106","advise","助言する","動詞"
"107","afford","～する余裕がある","動詞"
"108","agree","同意する","動詞"
"109","allow","許す","動詞"
"110","appear","現れる","動詞"
"111","apply","申し込む","動詞"
"112","argue","議論する","動詞"
"113","arrange","手配する","動詞"
"114","arrive","到着する","動詞"
"115","attend","出席する","動詞"
"116","avoid","避ける","動詞"
"117","bake","（パン等を）焼く","動詞"
"118","become","～になる","動詞"
"119","believe","信じる","動詞"
"120","belong","所属する","動詞"
"121","boil","ゆでる","動詞"
"122","borrow","借りる","動詞"
"123","break","壊す","動詞"
"124","brush","磨く","動詞"
"125","build","建てる","動詞"
"126","burn","燃やす","動詞"
"127","buy","買う","動詞"
"128","calculate","計算する","動詞"
"129","care","気にかける","動詞"
"130","carry","運ぶ","動詞"
"131","catch","捕まえる","動詞"
"132","cause","引き起こす","動詞"
"133","celebrate","祝う","動詞"
"134","change","変える","動詞"
"135","check","確認する","動詞"
"136","cheer","応援する","動詞"
"137","choose","選ぶ","動詞"
"138","clean","掃除する","動詞"
"139","climb","登る","動詞"
"140","collect","集める","動詞"
"141","communicate","意思疎通する","動詞"
"142","compare","比較する","動詞"
"143","complain","不平を言う","動詞"
"144","complete","完了する","動詞"
"145","concentrate","集中する","動詞"
"146","consider","よく考える","動詞"
"147","continue","続ける","動詞"
"148","control","管理する","動詞"
"149","cook","料理する","動詞"
"150","copy","写す","動詞"
"151","cost","費用がかかる","動詞"
"152","cover","覆う","動詞"
"153","create","創造する","動詞"
"154","cross","横切る","動詞"
"155","cry","泣く","動詞"
"156","cut","切る","動詞"
"157","dance","踊る","動詞"
"158","decide","決める","動詞"
"159","depend","依存する","動詞"
"160","describe","描写する","動詞"
"161","design","設計する","動詞"
"162","destroy","破壊する","動詞"
"163","develop","発展させる","動詞"
"164","die","死ぬ","動詞"
"165","discover","発見する","動詞"
"166","discuss","議論する","動詞"
"167","divide","分ける","動詞"
"168","draw","描く","動詞"
"169","dream","夢を見る","動詞"
"170","drink","飲む","動詞"
"171","drive","運転する","動詞"
"172","drop","落とす","動詞"
"173","earn","稼ぐ","動詞"
"174","eat","食べる","動詞"
"175","encourage","励ます","動詞"
"176","enjoy","楽しむ","動詞"
"177","enter","入る","動詞"
"178","exchange","交換する","動詞"
"179","excite","興奮させる","動詞"
"180","expect","期待する","動詞"
"181","explain","説明する","動詞"
"182","express","表現する","動詞"
"183","fail","失敗する","動詞"
"184","fall","落ちる","動詞"
"185","feed","エサをやる","動詞"
"186","feel","感じる","動詞"
"187","fight","戦う","動詞"
"188","fill","満たす","動詞"
"189","find","見つける","動詞"
"190","finish","終える","動詞"
"191","fix","修理する","動詞"
"192","fly","飛ぶ","動詞"
"193","follow","従う","動詞"
"194","forget","忘れる","動詞"
"195","forgive","許す","動詞"
"196","gather","集める","動詞"
"197","get","手に入れる","動詞"
"198","give","与える","動詞"
"199","go","行く","動詞"
"200","grow","成長する","動詞"
"201","guess","推測する","動詞"
"202","guide","案内する","動詞"
"203","happen","起こる","動詞"
"204","hate","憎む","動詞"
"205","have","持っている","動詞"
"206","hear","聞こえる","動詞"
"207","help","助ける","動詞"
"208","hide","隠す","動詞"
"209","hit","打つ","動詞"
"210","hold","開催する","動詞"
"211","hope","望む","動詞"
"212","hunt","狩る","動詞"
"213","hurt","傷つける","動詞"
"214","imagine","想像する","動詞"
"215","improve","向上させる","動詞"
"216","include","含む","動詞"
"217","increase","増える","動詞"
"218","inform","知らせる","動詞"
"219","introduce","紹介する","動詞"
"220","invent","発明する","動詞"
"221","invite","招待する","動詞"
"222","join","参加する","動詞"
"223","jump","跳ぶ","動詞"
"224","keep","保つ","動詞"
"225","kick","蹴る","動詞"
"226","kill","殺す","動詞"
"227","knock","ノックする","動詞"
"228","know","知っている","動詞"
"229","laugh","笑う","動詞"
"230","lead","導く","動詞"
"231","learn","学ぶ","動詞"
"232","leave","去る・残す","動詞"
"233","lend","貸す","動詞"
"234","let","～させてやる・許す","動詞"
"235","lie","横たわる","動詞"
"236","like","好む","動詞"
"237","listen","聞く","動詞"
"238","live","住む","動詞"
"239","look","見る","動詞"
"240","lose","失う","動詞"
"241","love","愛する","動詞"
"242","make","作る","動詞"
"243","manage","どうにか～する","動詞"
"244","marry","結婚する","動詞"
"245","mean","意味する","動詞"
"246","meet","会う","動詞"
"247","miss","逃す・寂しい","動詞"
"248","move","動く","動詞"
"249","need","必要とする","動詞"
"250","notice","気づく","動詞"
"251","offer","申し出る","動詞"
"252","open","開ける","動詞"
"253","order","注文する","動詞"
"254","paint","描く・塗る","動詞"
"255","pass","手渡す・合格する","動詞"
"256","pay","支払う","動詞"
"257","perform","演じる","動詞"
"258","pick","選ぶ・摘む","動詞"
"259","plan","計画する","動詞"
"260","plant","植える","動詞"
"261","play","遊ぶ・演奏する","動詞"
"262","point","指差す","動詞"
"263","practice","練習する","動詞"
"264","prefer","～を好む","動詞"
"265","prepare","準備する","動詞"
"266","present","贈る","動詞"
"267","press","押す","動詞"
"268","prevent","防ぐ","動詞"
"269","produce","生産する","動詞"
"270","promise","約束する","動詞"
"271","protect","保護する","動詞"
"272","prove","証明する","動詞"
"273","provide","提供する","動詞"
"274","pull","引く","動詞"
"275","push","押す","動詞"
"276","put","置く","動詞"
"277","quit","やめる","動詞"
"278","raise","上げる・育てる","動詞"
"279","reach","到着する","動詞"
"280","read","読む","動詞"
"281","realize","悟る・実現する","動詞"
"282","receive","受け取る","動詞"
"283","recognize","認識する","動詞"
"284","recommend","勧める","動詞"
"285","record","記録する","動詞"
"286","recover","回復する","動詞"
"287","reduce","減らす","動詞"
"288","refuse","断る","動詞"
"289","remain","～のままでいる","動詞"
"290","remember","覚えている","動詞"
"291","remind","思い出させる","動詞"
"292","remove","取り除く","動詞"
"293","repair","修理する","動詞"
"294","repeat","繰り返す","動詞"
"295","reply","返事をする","動詞"
"296","report","報告する","動詞"
"297","request","頼む","動詞"
"298","require","～を必要とする","動詞"
"299","respect","尊敬する","動詞"
"300","rest","休む","動詞"
"301","return","戻る","動詞"
"302","ride","乗る","動詞"
"303","rise","昇る","動詞"
"304","run","走る","動詞"
"305","save","救う・節約する","動詞"
"306","say","言う","動詞"
"307","search","探す","動詞"
"308","see","見る","動詞"
"309","sell","売る","動詞"
"310","send","送る","動詞"
"311","serve","食事を出す","動詞"
"312","set","置く・設定する","動詞"
"313","shake","振る","動詞"
"314","share","共有する","動詞"
"315","shoot","撃つ・撮影する","動詞"
"316","show","見せる","動詞"
"317","shut","閉める","動詞"
"318","sing","歌う","動詞"
"319","sit","座る","動詞"
"320","sleep","眠る","動詞"
"321","smile","微笑む","動詞"
"322","solve","解決する","動詞"
"323","sound","～に聞こえる","動詞"
"324","speak","話す","動詞"
"325","spend","過ごす・費やす","動詞"
"326","spread","広がる","動詞"
"327","stand","立つ","動詞"
"328","start","始める","動詞"
"329","stay","滞在する","動詞"
"330","steal","盗む","動詞"
"331","stop","止まる","動詞"
"332","study","勉強する","動詞"
"333","succeed","成功する","動詞"
"334","suggest","提案する","動詞"
"335","support","支持する","動詞"
"336","surprise","驚かせる","動詞"
"337","survive","生き残る","動詞"
"338","swim","泳ぐ","動詞"
"339","take","取る・連れて行く","動詞"
"340","talk","話す","動詞"
"341","teach","教える","動詞"
"342","tell","伝える","動詞"
"343","think","思う・考える","動詞"
"344","throw","投げる","動詞"
"345","touch","触れる","動詞"
"346","travel","旅行する","動詞"
"347","try","試す・努力する","動詞"
"348","turn","曲がる・回す","動詞"
"349","understand","理解する","動詞"
"350","use","使う","動詞"
"351","visit","訪れる","動詞"
"352","wait","待つ","動詞"
"353","wake","目が覚める","動詞"
"354","walk","歩く","動詞"
"355","want","欲しい","動詞"
"356","wash","洗う","動詞"
"357","watch","見る","動詞"
"358","wear","着ている","動詞"
"359","win","勝つ","動詞"
"360","wish","願う","動詞"
"361","wonder","不思議に思う","動詞"
"362","work","働く","動詞"
"363","worry","心配する","動詞"
"364","write","書く","動詞"
"365","disagree","反対する","動詞"
"366","recycle","～を再利用する","動詞"
"367","pardon","（聞き返す時に）何とおっしゃいましたか","動詞"
"401","accident","事故","名詞"
"402","activity","活動","名詞"
"403","actor","俳優","名詞"
"404","address","住所","名詞"
"405","adult","大人","名詞"
"406","advantage","利点","名詞"
"407","adventure","冒険","名詞"
"408","advice","助言","名詞"
"409","age","年齢・時代","名詞"
"410","agent","代理人","名詞"
"411","amount","量","名詞"
"412","angel","天使","名詞"
"413","animal","動物","名詞"
"414","answer","答え","名詞"
"415","area","地域","名詞"
"416","arm","腕","名詞"
"417","army","軍隊","名詞"
"418","art","芸術","名詞"
"419","article","記事","名詞"
"420","artist","芸術家","名詞"
"421","attention","注意","名詞"
"422","aunt","おば","名詞"
"423","author","著者","名詞"
"424","autumn","秋","名詞"
"425","average","平均","名詞"
"426","award","賞","名詞"
"427","baby","赤ちゃん","名詞"
"428","back","背中・後ろ","名詞"
"429","background","背景","名詞"
"430","bag","かばん","名詞"
"431","ball","ボール","名詞"
"432","balloon","風船","名詞"
"433","band","バンド","名詞"
"434","bank","銀行・土手","名詞"
"435","base","土台・基地","名詞"
"436","bath","入浴","名詞"
"437","beach","浜辺","名詞"
"438","bear","クマ","名詞"
"439","beginning","始まり","名詞"
"440","bell","鈴・鐘","名詞"
"441","bicycle","自転車","名詞"
"442","bill","請求書・紙幣","名詞"
"443","bird","鳥","名詞"
"444","birthday","誕生日","名詞"
"445","block","区画・塊","名詞"
"446","blood","血","名詞"
"447","board","板・委員会","名詞"
"448","boat","ボート","名詞"
"449","body","体","名詞"
"450","bone","骨","名詞"
"451","book","本","名詞"
"452","boss","上司","名詞"
"453","bottle","瓶","名詞"
"454","bottom","底","名詞"
"455","box","箱","名詞"
"456","brain","脳","名詞"
"457","branch","枝・支店","名詞"
"458","bread","パン","名詞"
"459","break","休憩","名詞"
"460","breakfast","朝食","名詞"
"461","bridge","橋","名詞"
"462","brother","兄・弟","名詞"
"463","building","建物","名詞"
"464","bus","バス","名詞"
"465","business","仕事・事業","名詞"
"466","calendar","カレンダー","名詞"
"467","camera","カメラ","名詞"
"468","camp","キャンプ","名詞"
"469","capital","首都・資本","名詞"
"470","captain","主将","名詞"
"471","car","車","名詞"
"472","card","カード","名詞"
"473","care","世話・注意","名詞"
"474","career","経歴","名詞"
"475","case","場合・箱","名詞"
"476","cash","現金","名詞"
"477","cat","猫","名詞"
"478","cause","原因","名詞"
"479","center","中心","名詞"
"480","century","世紀","名詞"
"481","ceremony","式典","名詞"
"482","chair","椅子","名詞"
"483","chance","機会","名詞"
"484","change","変化・お釣り","名詞"
"485","character","性格・登場人物","名詞"
"486","charge","料金・責任","名詞"
"487","check","小切手・勘定","名詞"
"488","chef","料理人","名詞"
"489","child","子供","名詞"
"490","choice","選択","名詞"
"491","church","教会","名詞"
"492","circle","円","名詞"
"493","city","都市","名詞"
"494","class","授業・階級","名詞"
"495","classmate","同級生","名詞"
"496","clerk","店員・事務員","名詞"
"497","climate","気候","名詞"
"498","clock","時計","名詞"
"499","cloth","布","名詞"
"500","clothes","服","名詞"
"501","cloud","雲","名詞"
"502","club","クラブ","名詞"
"503","coach","コーチ","名詞"
"504","coast","海岸","名詞"
"505","coat","コート","名詞"
"506","coffee","コーヒー","名詞"
"507","coin","硬貨","名詞"
"508","college","大学","名詞"
"509","color","色","名詞"
"510","company","会社・仲間","名詞"
"511","competition","競争","名詞"
"512","computer","コンピュータ","名詞"
"513","concert","演奏会","名詞"
"514","condition","状態・条件","名詞"
"515","contest","競技会","名詞"
"516","continent","大陸","名詞"
"517","conversation","会話","名詞"
"518","cook","料理人","名詞"
"519","cookie","クッキー","名詞"
"520","corner","角","名詞"
"521","cost","費用","名詞"
"522","country","国・田舎","名詞"
"523","countryside","田舎","名詞"
"524","course","進路・講座","名詞"
"525","cousin","いとこ","名詞"
"526","cover","表紙・カバー","名詞"
"527","cow","牛","名詞"
"528","cream","クリーム","名詞"
"529","crowd","群衆","名詞"
"530","culture","文化","名詞"
"531","cup","カップ","名詞"
"532","curtain","カーテン","名詞"
"533","custom","習慣","名詞"
"534","customer","客","名詞"
"535","damage","損害","名詞"
"536","danger","危険","名詞"
"537","daughter","娘","名詞"
"538","day","日・昼間","名詞"
"539","death","死","名詞"
"540","decision","決定","名詞"
"541","degree","程度・度","名詞"
"542","dentist","歯医者","名詞"
"543","department","部門・売り場","名詞"
"544","design","設計","名詞"
"545","desk","机","名詞"
"546","diary","日記","名詞"
"547","dictionary","辞書","名詞"
"548","difference","違い","名詞"
"549","dinner","夕食","名詞"
"550","direction","方向・指示","名詞"
"551","director","監督・重役","名詞"
"552","discount","割引","名詞"
"553","dish","皿・料理","名詞"
"554","doctor","医者・博士","名詞"
"555","dog","犬","名詞"
"556","doll","人形","名詞"
"557","dollar","ドル","名詞"
"558","door","ドア","名詞"
"559","dream","夢","名詞"
"560","dress","ドレス・服","名詞"
"561","drink","飲み物","名詞"
"562","driver","運転手","名詞"
"563","drug","薬","名詞"
"564","ear","耳","名詞"
"565","earth","地球・土","名詞"
"566","earthquake","地震","名詞"
"567","east","東","名詞"
"568","education","教育","名詞"
"569","effect","効果・影響","名詞"
"570","effort","努力","名詞"
"571","egg","卵","名詞"
"572","elevator","エレベーター","名詞"
"573","email","Eメール","名詞"
"574","end","終わり・端","名詞"
"575","energy","エネルギー","名詞"
"576","engine","エンジン","名詞"
"577","engineer","技師","名詞"
"578","entrance","入り口","名詞"
"579","environment","環境","名詞"
"580","eraser","消しゴム","名詞"
"581","error","誤り","名詞"
"582","event","出来事・行事","名詞"
"583","exam","試験","名詞"
"584","example","例","名詞"
"585","excuse","言い訳","名詞"
"586","exercise","運動・練習","名詞"
"587","exhibition","展示会","名詞"
"588","experience","経験","名詞"
"589","expert","専門家","名詞"
"590","eye","目","名詞"
"591","face","顔","名詞"
"592","fact","事実","名詞"
"593","factory","工場","名詞"
"594","fair","品評会・市","名詞"
"595","family","家族","名詞"
"596","fan","ファン・扇風機","名詞"
"597","farm","農場","名詞"
"598","farmer","農場主","名詞"
"599","fashion","流行","名詞"
"600","father","父","名詞"
"601","fault","欠点・責任","名詞"
"602","favor","親切な行為","名詞"
"603","favorite","お気に入り","名詞"
"604","fear","恐怖","名詞"
"605","feather","羽","名詞"
"606","feeling","感情・感覚","名詞"
"607","festival","祭り","名詞"
"608","fever","熱","名詞"
"609","field","野原・競技場","名詞"
"610","fight","戦い","名詞"
"611","figure","姿・数字","名詞"
"612","film","映画","名詞"
"613","final","決勝戦","名詞"
"614","finger","指","名詞"
"615","fire","火・火事","名詞"
"616","fish","魚","名詞"
"617","flag","旗","名詞"
"618","flight","飛行・便","名詞"
"619","floor","床・階","名詞"
"620","flower","花","名詞"
"621","flu","インフルエンザ","名詞"
"622","fog","霧","名詞"
"623","food","食べ物","名詞"
"624","foot","足","名詞"
"625","force","力","名詞"
"627","forest","森","名詞"
"628","fork","フォーク","名詞"
"629","form","形・用紙","名詞"
"630","friend","友達","名詞"
"631","friendship","友情","名詞"
"632","frog","カエル","名詞"
"633","front","前・正面","名詞"
"634","fruit","果物","名詞"
"635","fuel","燃料","名詞"
"636","fun","楽しみ","名詞"
"637","furniture","家具","名詞"
"638","future","未来","名詞"
"639","game","試合・遊び","名詞"
"640","garage","車庫","名詞"
"641","garden","庭","名詞"
"642","gas","ガス・ガソリン","名詞"
"643","gate","門","名詞"
"644","gesture","身振り","名詞"
"645","ghost","幽霊","名詞"
"646","gift","贈り物","名詞"
"647","girl","女の子","名詞"
"648","glass","コップ・ガラス","名詞"
"649","glasses","眼鏡","名詞"
"650","glove","手袋","名詞"
"651","goal","目標・ゴール","名詞"
"652","god","神","名詞"
"653","gold","金","名詞"
"654","government","政府","名詞"
"655","grade","学年・成績","名詞"
"656","grammar","文法","名詞"
"657","grandfather","祖父","名詞"
"658","grandmother","祖母","名詞"
"659","grass","草","名詞"
"660","ground","地面","名詞"
"661","group","集団","名詞"
"662","guest","客","名詞"
"663","guide","案内人","名詞"
"664","guidebook","案内書","名詞"
"665","guitar","ギター","名詞"
"666","gym","体育館","名詞"
"667","habit","習慣・癖","名詞"
"668","hair","髪","名詞"
"669","haircut","散髪","名詞"
"670","half","半分","名詞"
"671","hall","会館・廊下","名詞"
"672","hand","手","名詞"
"673","handle","取っ手","名詞"
"674","happiness","幸福","名詞"
"675","hat","帽子","名詞"
"676","head","頭","名詞"
"677","headache","頭痛","名詞"
"678","health","健康","名詞"
"679","heart","心臓・心","名詞"
"680","heat","熱・暑さ","名詞"
"681","heaven","天国","名詞"
"682","height","高さ・身長","名詞"
"683","helicopter","ヘリコプター","名詞"
"684","hello","こんにちは","名詞"
"685","help","助け","名詞"
"686","hero","英雄","名詞"
"687","hill","丘","名詞"
"688","history","歴史","名詞"
"689","hobby","趣味","名詞"
"690","hole","穴","名詞"
"691","holiday","休日","名詞"
"692","home","家・家庭","名詞"
"693","homework","宿題","名詞"
"694","honey","蜂蜜","名詞"
"695","hope","希望","名詞"
"696","horse","馬","名詞"
"697","hospital","病院","名詞"
"698","host","主人・司会者","名詞"
"699","host family","ホストファミリー","名詞"
"700","hotel","ホテル","名詞"
"701","hour","1時間","名詞"
"702","house","家","名詞"
"703","housewife","主婦","名詞"
"704","human","人間","名詞"
"705","husband","夫","名詞"
"706","ice","氷","名詞"
"707","idea","考え","名詞"
"708","illness","病気","名詞"
"709","image","像・イメージ","名詞"
"710","importance","重要性","名詞"
"711","information","情報","名詞"
"712","internet","インターネット","名詞"
"713","interview","面接","名詞"
"714","island","島","名詞"
"715","jacket","上着","名詞"
"716","jam","ジャム","名詞"
"717","job","仕事","名詞"
"718","journey","旅行","名詞"
"719","juice","ジュース","名詞"
"720","key","鍵","名詞"
"721","kid","子供","名詞"
"722","king","王","名詞"
"723","kitchen","台所","名詞"
"724","knee","膝","名詞"
"725","knife","ナイフ","名詞"
"726","lake","湖","名詞"
"727","lamp","ランプ","名詞"
"728","land","土地・陸","名詞"
"729","language","言語","名詞"
"730","law","法律","名詞"
"731","leaf","葉","名詞"
"732","leg","脚","名詞"
"733","lesson","授業","名詞"
"734","letter","手紙・文字","名詞"
"735","library","図書館","名詞"
"736","life","生活・命","名詞"
"737","light","光・明かり","名詞"
"738","line","線・列","名詞"
"739","lion","ライオン","名詞"
"740","list","一覧表","名詞"
"741","lock","錠","名詞"
"742","luck","運","名詞"
"743","lunch","昼食","名詞"
"744","machine","機械","名詞"
"745","magazine","雑誌","名詞"
"746","mail","郵便","名詞"
"747","man","男性","名詞"
"748","manager","支配人","名詞"
"749","map","地図","名詞"
"750","market","市場","名詞"
"751","master","主人・修士","名詞"
"752","match","試合","名詞"
"753","material","材料","名詞"
"754","matter","事柄・問題","名詞"
"755","meal","食事","名詞"
"756","meat","肉","名詞"
"757","medicine","薬・医学","名詞"
"758","meeting","会議","名詞"
"759","member","一員","名詞"
"760","memory","記憶","名詞"
"761","menu","献立表","名詞"
"762","message","伝言","名詞"
"763","meter","メートル","名詞"
"764","middle","真ん中","名詞"
"765","midnight","真夜中","名詞"
"766","milk","牛乳","名詞"
"767","mind","心","名詞"
"768","minute","分","名詞"
"769","mirror","鏡","名詞"
"770","mistake","間違い","名詞"
"771","model","模型・手本","名詞"
"772","moment","瞬間","名詞"
"773","money","お金","名詞"
"774","monkey","サル","名詞"
"775","month","月","名詞"
"776","moon","月(天体)","名詞"
"777","morning","朝","名詞"
"778","mother","母","名詞"
"779","mountain","山","名詞"
"780","mouse","ネズミ","名詞"
"781","mouth","口","名詞"
"782","movie","映画","名詞"
"783","museum","博物館","名詞"
"784","music","音楽","名詞"
"785","musician","音楽家","名詞"
"786","name","名前","名詞"
"787","nation","国家","名詞"
"788","nature","自然","名詞"
"789","neck","首","名詞"
"790","necklace","ネックレス","名詞"
"791","neighbor","近所の人","名詞"
"792","news","知らせ","名詞"
"793","newspaper","新聞","名詞"
"794","night","夜","名詞"
"795","noise","騒音","名詞"
"796","noon","正午","名詞"
"797","north","北","名詞"
"798","nose","鼻","名詞"
"799","note","メモ","名詞"
"800","notebook","ノート","名詞"
"801","number","数","名詞"
"802","nurse","看護師","名詞"
"803","ocean","大洋","名詞"
"804","office","事務所","名詞"
"805","officer","警官・役人","名詞"
"806","oil","油","名詞"
"807","onion","タマネギ","名詞"
"808","opinion","意見","名詞"
"809","orange","オレンジ","名詞"
"810","order","注文・順序","名詞"
"811","page","ページ","名詞"
"812","pain","痛み","名詞"
"813","pair","一対","名詞"
"814","paper","紙","名詞"
"815","parent","親","名詞"
"816","park","公園","名詞"
"817","part","部分","名詞"
"818","party","パーティー","名詞"
"819","passenger","乗客","名詞"
"820","passport","旅券","名詞"
"821","past","過去","名詞"
"822","peace","平和","名詞"
"823","pen","ペン","名詞"
"824","pencil","鉛筆","名詞"
"825","people","人々","名詞"
"826","percent","パーセント","名詞"
"827","person","人","名詞"
"828","pet","ペット","名詞"
"829","phone","電話","名詞"
"830","photo","写真","名詞"
"831","piano","ピアノ","名詞"
"832","picnic","ピクニック","名詞"
"833","picture","絵・写真","名詞"
"834","piece","一個・一片","名詞"
"835","pilot","パイロット","名詞"
"836","place","場所","名詞"
"837","plan","計画","名詞"
"838","plane","飛行機","名詞"
"839","plant","植物","名詞"
"840","plastic","プラスチック","名詞"
"841","plate","皿","名詞"
"842","platform","ホーム","名詞"
"843","player","選手","名詞"
"844","pocket","ポケット","名詞"
"845","poem","詩","名詞"
"846","point","点・要点","名詞"
"847","police","警察","名詞"
"848","pool","プール","名詞"
"849","population","人口","名詞"
"850","pork","豚肉","名詞"
"851","port","港","名詞"
"852","post","郵便・柱","名詞"
"853","postcard","絵葉書","名詞"
"854","poster","ポスター","名詞"
"855","potato","ジャガイモ","名詞"
"856","power","力","名詞"
"857","practice","練習","名詞"
"858","present","プレゼント","名詞"
"859","president","大統領・社長","名詞"
"860","price","価格","名詞"
"861","prince","王子","名詞"
"862","princess","王女","名詞"
"863","prize","賞","名詞"
"864","problem","問題","名詞"
"865","program","番組・計画","名詞"
"866","project","計画・事業","名詞"
"867","promise","約束","名詞"
"868","purpose","目的","名詞"
"869","purse","財布","名詞"
"870","question","質問","名詞"
"871","quiz","クイズ","名詞"
"872","rabbit","ウサギ","名詞"
"873","race","競争","名詞"
"874","radio","ラジオ","名詞"
"875","rain","雨","名詞"
"876","rainbow","虹","名詞"
"877","reason","理由","名詞"
"878","receipt","領収書","名詞"
"879","record","記録","名詞"
"880","refrigerator","冷蔵庫","名詞"
"881","report","報告","名詞"
"882","rest","休憩・残り","名詞"
"883","restaurant","レストラン","名詞"
"884","result","結果","名詞"
"885","ribbon","リボン","名詞"
"886","rice","米","名詞"
"887","ride","乗ること","名詞"
"888","ring","指輪","名詞"
"889","river","川","名詞"
"890","road","道路","名詞"
"891","robot","ロボット","名詞"
"892","rock","岩","名詞"
"893","roof","屋根","名詞"
"894","room","部屋","名詞"
"895","rope","ロープ","名詞"
"896","rose","バラ","名詞"
"897","rule","規則","名詞"
"898","salad","サラダ","名詞"
"899","sale","販売・特売","名詞"
"900","salt","塩","名詞"
"901","sand","砂","名詞"
"902","sandwich","サンドイッチ","名詞"
"903","sauce","ソース","名詞"
"904","scene","場面","名詞"
"905","schedule","予定","名詞"
"906","school","学校","名詞"
"907","science","科学","名詞"
"908","scientist","科学者","名詞"
"909","screen","画面","名詞"
"910","sea","海","名詞"
"911","season","季節","名詞"
"912","seat","座席","名詞"
"913","secret","秘密","名詞"
"914","secretary","秘書","名詞"
"915","section","部分","名詞"
"916","sentence","文","名詞"
"917","service","サービス","名詞"
"918","shade","陰","名詞"
"919","shadow","影","名詞"
"920","shape","形","名詞"
"921","sheep","羊","名詞"
"922","ship","船","名詞"
"923","shirt","シャツ","名詞"
"924","shoes","靴","名詞"
"925","shop","店","名詞"
"926","side","側・側面","名詞"
"927","sight","視力・光景","名詞"
"928","sign","標識・合図","名詞"
"929","singer","歌手","名詞"
"930","sister","姉・妹","名詞"
"931","size","大きさ","名詞"
"932","sky","空","名詞"
"933","smile","微笑み","名詞"
"934","smoke","煙","名詞"
"935","snake","ヘビ","名詞"
"936","snow","雪","名詞"
"937","soccer","サッカー","名詞"
"938","society","社会","名詞"
"939","socks","靴下","名詞"
"940","sofa","ソファー","名詞"
"941","son","息子","名詞"
"942","song","歌","名詞"
"943","sound","音","名詞"
"944","soup","スープ","名詞"
"945","south","南","名詞"
"946","space","宇宙・空間","名詞"
"947","speech","演説","名詞"
"948","sport","スポーツ","名詞"
"949","spring","春・泉","名詞"
"950","stadium","競技場","名詞"
"951","stage","舞台","名詞"
"952","stamp","切手","名詞"
"953","star","星・スター","名詞"
"954","station","駅","名詞"
"955","steak","ステーキ","名詞"
"956","step","歩み・段階","名詞"
"957","stone","石","名詞"
"958","store","店","名詞"
"959","story","物語・話","名詞"
"960","street","通り","名詞"
"961","student","生徒","名詞"
"962","subject","教科・主題","名詞"
"963","subway","地下鉄","名詞"
"964","summer","夏","名詞"
"965","sun","太陽","名詞"
"966","supermarket","スーパー","名詞"
"967","sweater","セーター","名詞"
"968","swimming","水泳","名詞"
"969","table","テーブル","名詞"
"970","taxi","タクシー","名詞"
"971","tea","お茶","名詞"
"972","teacher","先生","名詞"
"973","team","チーム","名詞"
"974","technology","科学技術","名詞"
"975","telephone","電話","名詞"
"976","temperature","温度・気温","名詞"
"977","tennis","テニス","名詞"
"978","test","試験","名詞"
"979","textbook","教科書","名詞"
"980","theater","劇場","名詞"
"981","thing","物・事","名詞"
"982","ticket","切符","名詞"
"983","time","時・回","名詞"
"984","today","今日","名詞"
"985","toilet","トイレ","名詞"
"986","tomato","トマト","名詞"
"987","tomorrow","明日","名詞"
"988","tooth","歯","名詞"
"989","top","頂上","名詞"
"990","tour","旅行","名詞"
"991","tourist","観光客","名詞"
"992","towel","タオル","名詞"
"993","town","町","名詞"
"994","toy","おもちゃ","名詞"
"995","traffic","交通","名詞"
"996","train","電車","名詞"
"997","travel","旅行","名詞"
"998","tree","木","名詞"
"999","trip","旅行","名詞"
"1000","trouble","困難・揉め事","名詞"
"1001","truck","トラック","名詞"
"1002","t-shirt","Tシャツ","名詞"
"1003","umbrella","傘","名詞"
"1004","uncle","おじ","名詞"
"1005","uniform","制服","名詞"
"1006","university","大学","名詞"
"1007","vacation","休暇","名詞"
"1008","vegetable","野菜","名詞"
"1009","video","ビデオ","名詞"
"1010","village","村","名詞"
"1011","violin","バイオリン","名詞"
"1012","visit","訪問","名詞"
"1013","voice","声","名詞"
"1014","volunteer","ボランティア","名詞"
"1015","wall","壁","名詞"
"1016","wallet","財布","名詞"
"1017","war","戦争","名詞"
"1018","water","水","名詞"
"1019","way","道・方法","名詞"
"1020","weather","天気","名詞"
"1021","week","週","名詞"
"1022","weekend","週末","名詞"
"1023","weight","重さ","名詞"
"1024","west","西","名詞"
"1025","whale","クジラ","名詞"
"1026","wife","妻","名詞"
"1027","wind","風","名詞"
"1028","window","窓","名詞"
"1029","winter","冬","名詞"
"1030","woman","女性","名詞"
"1031","wood","木材・森","名詞"
"1032","word","単語・言葉","名詞"
"1033","work","仕事","名詞"
"1034","world","世界","名詞"
"1035","writer","作家","名詞"
"1036","year","年","名詞"
"1037","yesterday","昨日","名詞"
"1038","zoo","動物園","名詞"
"1039","transportation","交通機関","名詞"
"1040","pollution","汚染","名詞"
"1041","trash","ゴミ・廃棄物","名詞"
"1042","plastic","プラスチック","名詞"
"1101","able","可能な","形容詞"
"1102","about","～について・約～","副詞"
"1103","abroad","海外へ","副詞"
"1104","actually","実は","副詞"
"1105","afraid","恐れて","形容詞"
"1106","again","再び","副詞"
"1107","ago","〜前に","副詞"
"1108","all","すべての","形容詞"
"1109","almost","ほとんど","副詞"
"1110","alone","一人で","副詞"
"1111","already","すでに","副詞"
"1112","also","〜もまた","副詞"
"1113","always","いつも","副詞"
"1114","angry","怒った","形容詞"
"1115","another","もう一つの","形容詞"
"1116","any","いくつかの","形容詞"
"1117","around","周りに","副詞"
"1118","asleep","眠って","形容詞"
"1119","available","利用できる","形容詞"
"1120","away","離れて","副詞"
"1121","bad","悪い","形容詞"
"1122","beautiful","美しい","形容詞"
"1123","best","最も良い","形容詞"
"1124","better","より良い","形容詞"
"1125","big","大きい","形容詞"
"1126","boring","退屈な","形容詞"
"1127","born","生まれた","形容詞"
"1128","both","両方の","形容詞"
"1129","brave","勇敢な","形容詞"
"1130","bright","明るい","形容詞"
"1131","busy","忙しい","形容詞"
"1132","careful","注意深い","形容詞"
"1133","cheap","安い","形容詞"
"1134","clean","清潔な","形容詞"
"1135","clear","晴れた・明白な","形容詞"
"1136","clever","賢い","形容詞"
"1137","close","近い","形容詞"
"1138","cloudy","曇った","形容詞"
"1139","cold","寒い","形容詞"
"1140","comfortable","快適な","形容詞"
"1141","common","共通の・普通の","形容詞"
"1142","cool","涼しい","形容詞"
"1143","correct","正しい","形容詞"
"1144","cute","かわいい","形容詞"
"1145","dangerous","危険な","形容詞"
"1146","dark","暗い","形容詞"
"1147","dead","死んだ","形容詞"
"1148","dear","親愛なる","形容詞"
"1149","deep","深い","形容詞"
"1150","delicious","美味しい","形容詞"
"1151","different","異なる","形容詞"
"1152","difficult","難しい","形容詞"
"1153","dirty","汚い","形容詞"
"1154","dry","乾いた","形容詞"
"1155","early","早い","形容詞"
"1156","easy","簡単な","形容詞"
"1157","either","どちらかの","形容詞"
"1158","else","他に","副詞"
"1159","empty","空の","形容詞"
"1160","enough","十分な","形容詞"
"1161","even","〜でさえ","副詞"
"1162","ever","これまでに","副詞"
"1163","excited","興奮した","形容詞"
"1164","exciting","わくわくさせる","形容詞"
"1165","expensive","高価な","形容詞"
"1166","famous","有名な","形容詞"
"1167","far","遠い","形容詞"
"1168","fast","速い","形容詞"
"1169","fat","太った","形容詞"
"1170","favorite","お気に入りの","形容詞"
"1171","few","少数の","形容詞"
"1172","final","最後の","形容詞"
"1173","fine","元気な・晴れた","形容詞"
"1174","first","最初の","形容詞"
"1175","foreign","外国の","形容詞"
"1176","free","自由な・無料の","形容詞"
"1177","fresh","新鮮な","形容詞"
"1178","friendly","親しみやすい","形容詞"
"1179","full","満杯の","形容詞"
"1180","funny","面白い","形容詞"
"1181","glad","うれしい","形容詞"
"1182","good","良い","形容詞"
"1183","great","素晴らしい","形容詞"
"1184","happy","幸せな","形容詞"
"1185","hard","硬い・難しい","形容詞"
"1186","healthy","健康な","形容詞"
"1187","heavy","重い","形容詞"
"1188","high","高い","形容詞"
"1189","hot","暑い","形容詞"
"1190","how","どのように","副詞"
"1191","hungry","空腹の","形容詞"
"1192","ill","病気で","形容詞"
"1193","important","重要な","形容詞"
"1194","impossible","不可能な","形容詞"
"1195","interested","興味がある","形容詞"
"1196","interesting","面白い","形容詞"
"1197","international","国際的な","形容詞"
"1198","just","ちょうど","副詞"
"1199","kind","親切な","形容詞"
"1200","large","大きい","形容詞"
"1201","last","最後の","形容詞"
"1202","late","遅い","形容詞"
"1203","later","後で","副詞"
"1204","left","左の","形容詞"
"1205","little","小さい","形容詞"
"1206","long","長い","形容詞"
"1207","loud","大声の","形容詞"
"1208","low","低い","形容詞"
"1209","lucky","運が良い","形容詞"
"1210","main","主な","形容詞"
"1211","many","多くの","形容詞"
"1212","maybe","たぶん","副詞"
"1213","more","もっと","副詞"
"1214","most","最も","副詞"
"1215","much","たくさんの","形容詞"
"1216","national","国家の","形容詞"
"1217","near","近い","形容詞"
"1218","necessary","必要な","形容詞"
"1219","nervous","緊張して","形容詞"
"1220","never","決して〜ない","副詞"
"1221","new","新しい","形容詞"
"1222","next","次の","形容詞"
"1223","nice","素敵な","形容詞"
"1224","noisy","騒がしい","形容詞"
"1225","now","今","副詞"
"1226","off","離れて","副詞"
"1227","often","しばしば","副詞"
"1228","old","古い・年とった","形容詞"
"1229","once","一度","副詞"
"1230","only","唯一の","形容詞"
"1231","open","開いている","形容詞"
"1232","other","他の","形容詞"
"1233","out","外へ","副詞"
"1234","outside","外側で","副詞"
"1235","own","自分自身の","形容詞"
"1236","perfect","完全な","形容詞"
"1237","perhaps","ことによると","副詞"
"1238","poor","貧しい・下手な","形容詞"
"1239","popular","人気のある","形容詞"
"1240","possible","可能な","形容詞"
"1241","pretty","可愛い","形容詞"
"1242","probably","おそらく","副詞"
"1243","proud","誇りに思う","形容詞"
"1244","quiet","静かな","形容詞"
"1245","quite","かなり","副詞"
"1246","ready","準備ができて","形容詞"
"1247","real","本当の","形容詞"
"1248","really","本当に","副詞"
"1249","recently","最近","副詞"
"1250","rich","金持ちの","形容詞"
"1251","right","正しい・右の","形容詞"
"1252","sad","悲しい","形容詞"
"1253","safe","安全な","形容詞"
"1254","same","同じ","形容詞"
"1255","serious","深刻な","形容詞"
"1256","short","短い","形容詞"
"1257","shy","内気な","形容詞"
"1258","sick","病気の","形容詞"
"1259","simple","単純な","形容詞"
"1260","slow","遅い","形容詞"
"1261","slowly","ゆっくりと","副詞"
"1262","small","小さい","形容詞"
"1263","so","とても・だから","副詞"
"1264","soft","柔らかい","形容詞"
"1265","sometimes","時々","副詞"
"1266","soon","すぐに","副詞"
"1267","sorry","気の毒で","形容詞"
"1268","special","特別な","形容詞"
"1269","still","まだ","副詞"
"1270","strange","奇妙な","形容詞"
"1271","strong","強い","形容詞"
"1272","stronger","より強い","形容詞"
"1273","successful","成功した","形容詞"
"1274","such","そのような","形容詞"
"1275","sudden","突然の","形容詞"
"1276","suddenly","突然","副詞"
"1277","sunny","晴れた","形容詞"
"1278","sure","確信して","形容詞"
"1279","sweet","甘い","形容詞"
"1280","tall","背が高い","形容詞"
"1281","terrible","ひどい","形容詞"
"1282","then","その時","副詞"
"1283","thirsty","喉が渇いた","形容詞"
"1284","tired","疲れた","形容詞"
"1285","together","一緒に","副詞"
"1286","too","〜もまた","副詞"
"1287","traditional","伝統的な","形容詞"
"1288","true","本当の","形容詞"
"1289","useful","役に立つ","形容詞"
"1290","usual","いつもの","形容詞"
"1291","usually","たいてい","副詞"
"1292","very","とても","副詞"
"1293","warm","暖かい","形容詞"
"1294","weak","弱い","形容詞"
"1295","well","上上手な","副詞"
"1296","wet","濡れた","形容詞"
"1297","white","白い","形容詞"
"1298","whole","全体の","形容詞"
"1299","wide","広い","形容詞"
"1300","wild","野生の","形容詞"
"1301","wonderful","素晴らしい","形容詞"
"1302","wrong","間違った","形容詞"
"1303","yet","まだ","副詞"
"1304","young","若い","形容詞"
"1305","environmentally friendly","環境に優しい","形容詞"
"1306","local","地元の","形容詞"
"1307","various","様々な","形容詞"
"1308","though","〜だけれども","形容詞"
"2001","a few ~","少数の～","熟語"
"2002","a little ~","少しの～","熟語"
"2003","a lot of ~","たくさんの～","熟語"
"2004","after school","放課後","熟語"
"2005","agree with ~","～に賛成する","熟語"
"2006","all day","一日中","熟語"
"2007","all over ~","～の至る所に","熟語"
"2008","arrive at ~","～に到着する","熟語"
"2009","ask for ~","～を求める","熟語"
"2010","at first","最初は","熟語"
"2011","at home","在宅して","熟語"
"2012","at last","ついに","熟語"
"2013","at once","すぐに","熟語"
"2014","at that time","その時","熟語"
"2015","be able to ~","～できる","熟語"
"2016","be absent from ~","～を欠席する","熟語"
"2017","be born","生まれる","熟語"
"2018","be covered with ~","～で覆われる","熟語"
"2019","be different from ~","～と異なる","熟語"
"2020","be famous for ~","～で有名だ","熟語"
"2021","be full of ~","～で一杯だ","熟語"
"2022","be glad to ~","～して嬉しい","熟語"
"2023","be good at ~","～が得意だ","熟語"
"2024","be interested in ~","～に興味がある","熟語"
"2025","be late for ~","～に遅れる","熟語"
"2026","be made of ~","～で作られる","熟語"
"2027","be proud of ~","～を誇る","熟語"
"2028","be ready for ~","～の準備ができている","熟語"
"2029","be surprised at ~","～に驚く","熟語"
"2030","belong to ~","～に所属する","熟語"
"2031","between A and B","AとBの間に","熟語"
"2032","both A and B","AもBも両方","熟語"
"2033","by the way","ところで","熟語"
"2034","care about ~","～を気にする","熟語"
"2035","catch cold","風邪をひく","熟語"
"2036","come back","戻ってくる","熟語"
"2037","come from ~","～出身である","熟語"
"2038","come home","帰宅する","熟語"
"2039","come in","入る","熟語"
"2040","come true","実現する","熟語"
"2041","decide to ~","～を決心する","熟語"
"2042","do one's best","最善を尽くす","熟語"
"2043","each other","お互いに","熟語"
"2044","enjoy ~ing","～して楽しむ","熟語"
"2045","fall down","倒れる","熟語"
"2046","far away","遠く離れて","熟語"
"2047","find out ~","～を見つけ出す","熟語"
"2048","finish ~ing","～し終える","熟語"
"2049","for a long time","長い間","熟語"
"2050","for example","例えば","熟語"
"2051","for the first time","初めて","熟語"
"2052","get off ~","（乗り物を）降りる","熟語"
"2053","get on ~","（乗り物に）乗る","熟語"
"2054","get to ~","～に着く","熟語"
"2055","get up","起きる","熟語"
"2056","get well","良くなる","熟語"
"2057","give up ~","～をあきらめる","熟語"
"2058","go out","外出する","熟語"
"2059","go shopping","買い物に行く","熟語"
"2060","go to bed","寝る","熟語"
"2061","grow up","成長する","熟語"
"2062","have a good time","楽しむ","熟語"
"2063","have to ~","～しなければならない","熟語"
"2064","hear from ~","～から便りがある","熟語"
"2065","help A with B","AのBを手伝う","熟語"
"2066","How about ~?","～はどうですか","熟語"
"2067","hundreds of ~","何百もの～","熟語"
"2068","in front of ~","～の前に","熟語"
"2069","in the future","将来","熟語"
"2070","invite A to B","AをBに招待する","熟語"
"2071","kind of ~","～の種類","熟語"
"2072","listen to ~","～を聞く","熟語"
"2073","look after ~","～の世話をする","熟語"
"2074","look at ~","～を見る","熟語"
"2075","look for ~","～を探す","熟語"
"2076","look forward to ~ing","～を楽しみにする","熟語"
"2077","look like ~","～のように見える","熟語"
"2078","make friends with ~","～と友達になる","熟語"
"2079","more than ~","～以上","熟語"
"2080","next to ~","～の隣に","熟語"
"2081","not only A but also B","AだけでなくBも","熟語"
"2082","of course","もちろん","熟語"
"2083","one day","ある日","熟語"
"2084","over there","あそこに","熟語"
"2085","part of ~","～の一部","熟語"
"2086","plenty of ~","たくさんの～","熟語"
"2087","put on ~","～を着る","熟語"
"2088","right now","今すぐ","熟語"
"2089","run away","逃げる","熟語"
"2090","shake hands","握手する","熟語"
"2091","show A around B","AにBを案内する","熟語"
"2092","some day","いつか","熟語"
"2093","speak to ~","～に話しかける","熟語"
"2094","stand up","立ち上がる","熟語"
"2095","stop ~ing","～するのをやめる","熟語"
"2096","take a picture","写真を撮る","熟語"
"2097","take care of ~","～の世話をする","熟語"
"2098","take part in ~","～に参加する","熟語"
"2099","talk about ~","～について話す","熟語"
"2100","talk to ~","～と話す","熟語"
"2101","thank you for ~","～をありがとう","熟語"
"2102","try to ~","～しようとする","熟語"
"2103","turn off ~","～を消す","熟語"
"2104","turn on ~","～をつける","熟語"
"2105","wait for ~","～を待つ","熟語"
"2106","wake up","目が覚める","熟語"
"2107","want to ~","～したい","熟語"
"2108","work hard","一生懸命働く","熟語"
"2109","would like to ~","～したい","熟語"
"2110","write to ~","～に手紙を書く","熟語"
"2111","Why don't you ~?","～してはどうですか","熟語"
"2112","Shall I ~?","（私が）～しましょうか","熟語"
"2113","May I help you?","いらっしゃいませ／何かお手伝いしましょうか","熟語"
"2114","pardon me","失礼ですが／もう一度おっしゃってください","熟語"
"2115","keep ~ing","～し続ける","熟語"
"2116","start ~ing","～し始める","熟語"
